﻿<?xml version="1.0" encoding="utf-8"?>
<Config>
  <!--通讯端口配置-->
  <CommPort>
    <Portname>COM1</Portname>
    <Baudrate>9600</Baudrate>
    <Address>1</Address>
  </CommPort>
  <!--RealDeviceConfig-->
  <DeviceParams>
    <ProductDate>2012/10/10 12:01:12</ProductDate>
    <DevNumber>2040601</DevNumber>
    <PasswordCode>2040601</PasswordCode>
    <CompName>yilinengshuiwen</CompName>
    <StationName>qipaoceshi</StationName>
  </DeviceParams>
  <!--CommParams-->
  <CommParams>
    <WarningLevel>15000</WarningLevel>
    <WarnInterval>30</WarnInterval>
    <WarnEnable>0</WarnEnable>
    <BaseLevel>0</BaseLevel>
    <IncreaseLevel>0</IncreaseLevel>
  </CommParams>
  <!--DTU配置 DTUConfig-->
  <DTUParams>
    <TelCount>5</TelCount>
    <TelNum1>8613687278394</TelNum1>
    <TelNum2>8615897564536</TelNum2>
    <TelNum3>8612345564455</TelNum3>
    <TelNum4>8612345564456</TelNum4>
    <TelNum5>8612345564457</TelNum5>
    <IpAddr1>61.181.84.36</IpAddr1>
    <IpAddr2>123.85.2.24</IpAddr2>
    <IpAddr3>10.0.0.10</IpAddr3>
    <IpAddr4>86.123.456.64</IpAddr4>
    <IpAddr5>86.123.45.56</IpAddr5>
    <IpPort1>10808</IpPort1>
    <IpPort2>10808</IpPort2>
    <IpPort3>10080</IpPort3>
    <IpPort4>10808</IpPort4>
    <IpPort5>10808</IpPort5>
    <Authcode>123456</Authcode>
  </DTUParams>
</Config>